timestamp,score,reddit,news,coingecko,feargreed,funding
2026-05-22T07:00:25.535437+00:00,-0.1789,-0.006666666666666667,-0.006666666666666667,-0.03807509329070235,-0.44,-0.47306000000000004
2026-05-22T07:30:31.387749+00:00,-0.1566,-0.006666666666666667,-0.006666666666666667,-0.0063377458526161804,-0.44,-0.3713875
2026-05-22T08:00:32.522812+00:00,-0.1965,-0.006666666666666667,-0.006666666666666667,-0.11096176513882075,-0.44,-0.48347500000000004
2026-05-22T08:30:32.743296+00:00,-0.1851,-0.006666666666666667,-0.006666666666666667,-0.10021959243303616,-0.44,-0.4235925
2026-05-22T09:00:28.835131+00:00,-0.2823,-0.006666666666666667,-0.006666666666666667,-0.14885834246443838,-0.44,-1.0
2026-05-22T09:30:34.526434+00:00,-0.1998,-0.013333333333333334,0.020000000000000004,-0.15298213675730504,-0.44,-0.4593825
2026-05-22T10:00:29.934857+00:00,-0.1686,-0.013333333333333334,0.020000000000000004,-0.06550503142684586,-0.44,-0.379565
2026-05-22T10:30:38.225937+00:00,-0.1521,-0.013333333333333334,0.020000000000000004,0.024203559700064645,-0.44,-0.40098249999999996
2026-05-22T11:00:26.499719+00:00,-0.1754,-0.013333333333333334,0.020000000000000004,0.04611818679917888,-0.44,-0.58868
2026-05-22T11:30:31.760875+00:00,-0.1385,-0.013333333333333334,0.006666666666666667,0.02665815713930713,-0.44,-0.3006825
2026-05-22T12:00:28.569046+00:00,-0.1327,-0.013333333333333334,0.006666666666666667,0.08601789365065907,-0.44,-0.34925249999999997
2026-05-22T12:30:31.225976+00:00,-0.1257,-0.013333333333333334,0.006666666666666667,0.12908191769758076,-0.44,-0.365385
2026-05-22T13:00:25.759984+00:00,-0.2279,-0.013333333333333334,0.006666666666666667,0.09709416708188137,-0.44,-1.0
2026-05-22T13:30:32.985926+00:00,-0.121,-0.013333333333333334,0.006666666666666667,0.07156867271976688,-0.44,-0.2500625
2026-05-22T14:00:29.215104+00:00,-0.1563,-0.013333333333333334,0.006666666666666667,0.060468750910667654,-0.44,-0.4685975
2026-05-22T14:30:44.578685+00:00,-0.1488,-0.013333333333333334,0.013333333333333334,-0.02146627709189222,-0.44,-0.30518249999999997
2026-05-22T15:00:29.566262+00:00,-0.1558,-0.013333333333333334,0.013333333333333334,-0.04822126802628862,-0.44,-0.31266750000000004
2026-05-22T15:30:46.112761+00:00,-0.1785,-0.006666666666666667,0.020000000000000004,-0.11333959820936723,-0.44,-0.3865825
2026-05-22T16:00:49.347937+00:00,-0.1683,-0.006666666666666667,0.020000000000000004,-0.12774679132160788,-0.44,-0.297695
2026-05-22T16:31:29.721065+00:00,-0.1701,0.0,0.006666666666666667,-0.10462597624126309,-0.44,-0.341615
2026-05-22T17:00:32.928333+00:00,-0.1607,-0.006666666666666667,0.006666666666666667,-0.05172247861265368,-0.44,-0.34541249999999996
2026-05-22T17:30:32.794232+00:00,-0.2053,-0.006666666666666667,0.013333333333333334,-0.24770373036640736,-0.44,-0.3620925
2026-05-22T18:00:24.841465+00:00,-0.3105,-0.006666666666666667,0.013333333333333334,-0.2905947518575339,-0.44,-1.0
2026-05-22T18:30:32.131232+00:00,-0.2016,0.0,0.013333333333333334,-0.23521915853975214,-0.44,-0.36687000000000003
2026-05-22T19:00:27.564159+00:00,-0.2953,0.0,0.013333333333333334,-0.2294225134275767,-0.44,-1.0
2026-05-22T19:30:28.334657+00:00,-0.1283,-0.013333333333333334,0.013333333333333334,-0.3819173130282344,-0.44,-0.4204925
2026-05-22T20:00:23.546086+00:00,-0.1487,-0.006666666666666667,0.013333333333333334,-0.5959791768467135,-0.44,-0.546145
2026-05-22T20:30:43.598183+00:00,-0.1815,-0.006666666666666667,-0.013333333333333334,-0.5511087680829243,-0.44,-0.9585925000000001
2026-05-22T21:00:27.336545+00:00,-0.1354,-0.006666666666666667,-0.013333333333333334,-0.5328399323307463,-0.44,-0.394405
2026-05-22T21:30:35.805941+00:00,-0.1266,-0.006666666666666667,-0.013333333333333334,-0.5290047184477661,-0.44,-0.30408999999999997
2026-05-22T22:00:23.012519+00:00,-0.144,-0.006666666666666667,-0.013333333333333334,-0.48487977731479115,-0.44,-0.6455575
2026-05-22T22:30:32.543757+00:00,-0.127,-0.006666666666666667,-0.013333333333333334,-0.5352426133193389,-0.44,-0.332065
2026-05-22T23:00:23.662785+00:00,-0.1266,-0.006666666666666667,-0.013333333333333334,-0.5237681175594437,-0.44,-0.34925500000000004
2026-05-22T23:30:27.152483+00:00,-0.1247,-0.006666666666666667,-0.013333333333333334,-0.5359204579235646,-0.44,-0.30830250000000003
2026-05-23T00:00:40.133231+00:00,-0.1343,-0.006666666666666667,-0.013333333333333334,-0.5816034858966829,-0.44,-0.3897875
2026-05-23T00:30:33.266312+00:00,-0.2454,-0.006666666666666667,-0.006666666666666667,-0.5843013990485038,-0.44,-0.664525
2026-05-23T01:00:25.609888+00:00,-0.3256,-0.006666666666666667,-0.006666666666666667,-0.5511857547174804,-0.44,-0.431275
2026-05-23T01:30:26.966406+00:00,-0.3456,0.0,-0.006666666666666667,-0.558314836315466,-0.44,-0.47038250000000004
2026-05-23T02:00:28.889153+00:00,-0.3134,0.0,-0.006666666666666667,-0.5877558895056236,-0.44,-0.3168675
2026-05-23T02:30:34.746684+00:00,-0.358,0.0,-0.006666666666666667,-0.6095401550258226,-0.44,-0.419315
2026-05-23T03:00:23.657050+00:00,-0.4497,0.0,-0.006666666666666667,-0.5903627758380681,-0.44,-0.68455
2026-05-23T03:30:30.446340+00:00,-0.3188,0.0,-0.006666666666666667,-0.5965806881520278,-0.44,-0.27984499999999995
2026-05-23T04:00:30.470341+00:00,-0.3404,0.0,-0.006666666666666667,-0.5908402035434368,-0.44,-0.33126750000000005
2026-05-23T04:30:35.576375+00:00,-0.352,0.0,-0.006666666666666667,-0.6193633460492257,-0.44,-0.32628250000000003
2026-05-23T05:00:40.453865+00:00,-0.3915,0.13333333333333333,-0.2,-0.5830458307958677,-0.44,-0.43503
2026-05-23T05:30:53.989925+00:00,-0.5283,0.2,-0.2,-0.5902438301143966,-0.44,-0.819905
2026-05-23T06:00:42.959541+00:00,-0.3832,0.2,-0.2,-0.5721357013150031,-0.44,-0.41701
2026-05-23T06:30:53.510453+00:00,-0.5544,0.2,-0.2,-0.5561140312019814,-0.44,-0.9023675
2026-05-23T07:01:11.117664+00:00,-0.392,0.06666666666666667,-0.2,-0.556788374121431,-0.44,-0.40309999999999996
2026-05-23T07:30:42.663570+00:00,-0.427,0.2,-0.13333333333333333,-0.6328785864932192,-0.44,-0.482115
2026-05-23T08:00:47.256114+00:00,-0.4708,0.26666666666666666,-0.13333333333333333,-0.8470246279632375,-0.44,-0.410435
2026-05-23T08:30:48.580185+00:00,-0.5344,0.2,-0.13333333333333333,-0.844185801311883,-0.44,-0.5758774999999999
2026-05-23T09:02:12.988170+00:00,-0.5003,0.26666666666666666,0.0,-0.7758193190297675,-0.44,-0.6039575
2026-05-23T09:30:43.904573+00:00,-0.6532,0.2,-0.06666666666666667,-0.7787923414091147,-0.44,-1.0
2026-05-23T10:00:37.976005+00:00,-0.4593,0.2,-0.06666666666666667,-0.7953802002319118,-0.44,-0.429195
2026-05-23T10:30:44.994424+00:00,-0.5069,0.26666666666666666,-0.06666666666666667,-0.7839844351925993,-0.44,-0.595735
2026-05-23T11:00:35.286649+00:00,-0.4455,0.13333333333333333,-0.06666666666666667,-0.7655384161636913,-0.44,-0.40078
2026-05-23T11:30:41.973977+00:00,-0.4638,0.13333333333333333,-0.13333333333333333,-0.7403863511592101,-0.44,-0.4589275
2026-05-23T12:00:35.168865+00:00,-0.5408,0.13333333333333333,-0.13333333333333333,-0.7950467728572853,-0.44,-0.6244124999999999
2026-05-23T12:30:42.972326+00:00,-0.4662,0.2,-0.13333333333333333,-0.8313352693622658,-0.44,-0.3940175
2026-05-23T13:00:38.362783+00:00,-0.4465,0.26666666666666666,-0.13333333333333333,-0.8382987819665335,-0.44,-0.3496925
2026-05-23T13:30:40.456827+00:00,-0.4053,0.2,-0.06666666666666667,-0.7216157027367295,-0.44,-0.34865250000000003
2026-05-23T14:00:41.912335+00:00,-0.3799,0.2,-0.06666666666666667,-0.6356413553480776,-0.44,-0.36209
2026-05-23T14:30:50.123076+00:00,-0.3398,0.26666666666666666,-0.06666666666666667,-0.5520007720657338,-0.44,-0.35030999999999995
2026-05-23T15:00:37.976184+00:00,-0.3316,0.26666666666666666,-0.06666666666666667,-0.4194118254532844,-0.44,-0.4595625
2026-05-23T15:30:43.617402+00:00,-0.3029,0.2,-0.06666666666666667,-0.4332709930685981,-0.44,-0.3446175
2026-05-23T16:00:41.376169+00:00,-0.3555,0.2,-0.06666666666666667,-0.4510389916740164,-0.44,-0.476965
2026-05-23T16:30:45.567817+00:00,-0.292,0.2,-0.06666666666666667,-0.48072175935272404,-0.44,-0.26604500000000003
2026-05-23T17:00:39.215282+00:00,-0.5592,0.13333333333333333,-0.06666666666666667,-0.4910279939521092,-0.44,-1.0
2026-05-23T17:31:02.280355+00:00,-0.3476,0.13333333333333333,-0.06666666666666667,-0.4875488177246542,-0.44,-0.398785
2026-05-23T18:00:38.483392+00:00,-0.3506,0.0,-0.06666666666666667,-0.4293820377199237,-0.44,-0.4275225
2026-05-23T18:25:33.734125+00:00,-0.307,0.0,-0.06666666666666667,-0.33314086271008064,-0.44,-0.39926500000000004
2026-05-23T18:26:14.662340+00:00,-0.263,0.0,-0.06666666666666667,-0.3301886549927505,-0.44,-0.2764925
2026-05-23T18:30:41.729459+00:00,-0.2408,0.3333333333333333,0.006666666666666669,-0.33885589237789365,-0.44,-0.3205375
2026-05-23T18:44:29.300475+00:00,-0.1619,0.0,-0.06666666666666667,-0.24107442676134863,-0.44,-0.07681750000000001
2026-05-23T19:00:18.404014+00:00,-0.4739,0.0,-0.06666666666666667,-0.20920411645450473,-0.44,-1.0
2026-05-23T19:30:22.846510+00:00,-0.215,-0.006666666666666667,-0.06666666666666667,-0.09429448192638265,-0.44,-0.3732825
2026-05-23T20:00:17.411092+00:00,-0.1525,-0.006666666666666667,-0.06666666666666667,0.056270261796187014,-0.44,-0.3451775
2026-05-23T20:30:28.365169+00:00,-0.1762,-0.006666666666666667,-0.06666666666666667,0.042998119994469224,-0.44,-0.3996775
2026-05-23T21:00:50.952439+00:00,0.0324,-0.006666666666666667,-0.06666666666666667,0.49687600903724016,-0.44,-0.25753000000000004
2026-05-23T21:30:26.693256+00:00,-0.018,-0.013333333333333334,0.0,0.3430558226006101,-0.44,-0.24830000000000002
2026-05-23T22:00:18.070449+00:00,-0.119,-0.013333333333333334,0.0,0.2837762152329826,-0.44,-0.4747975
2026-05-23T22:30:50.873892+00:00,-0.0714,-0.013333333333333334,0.0,0.30222367727149935,-0.44,-0.34321999999999997
2026-05-23T23:00:26.146567+00:00,-0.0537,-0.013333333333333334,0.0,0.3209679651119755,-0.44,-0.2957775
2026-05-23T23:30:30.088582+00:00,-0.0908,-0.013333333333333334,-0.06666666666666667,0.33454959074290636,-0.44,-0.3945725
2026-05-24T00:00:24.291424+00:00,-0.0892,-0.013333333333333334,-0.06666666666666667,0.4063343742087059,-0.5,-0.418665
2026-05-24T00:30:26.521259+00:00,-0.086,-0.013333333333333334,-0.06666666666666667,0.38947331498754734,-0.5,-0.384545
2026-05-24T01:00:21.817843+00:00,-0.0797,-0.013333333333333334,-0.06666666666666667,0.4512771196020978,-0.5,-0.39764
2026-05-24T01:30:25.513090+00:00,-0.14,-0.013333333333333334,-0.06666666666666667,0.4515048763953228,-0.5,-0.5991425
